time,temperature,vibration,fault_label
0,50.882026172983835,0.0027798133985489897,0.0
1,50.29991202083044,0.008435756052558877,0.0
2,50.68803832284793,0.005676792725546659,0.0
3,51.41596680626206,0.01181641961506713,0.0
4,51.32319733738363,0.015487388443610792,0.0
5,49.990786598666,0.017836819429680097,0.0
6,51.03968668215783,0.021344649645846477,0.0
7,50.568539083088844,0.01061860644785136,0.0
8,50.66574666500274,0.01974485171009224,0.0
9,50.98862616059667,0.02067212062379773,0.0
10,50.91349277038834,0.013184296791745109,0.0
11,51.618344113542925,0.02453985661144535,0.0
12,51.31255794854072,0.014317059947213853,0.0
13,51.02439569366361,0.01812705116157393,0.0
14,51.207381346361174,0.002747147893952707,0.0
15,51.16433215029119,-0.0017141004464292912,0.0
16,51.74661313962031,-4.622176372319226e-05,0.0
17,50.88908567856957,-0.013504263854679916,0.0
18,51.13038148170365,-0.007775580912766579,0.0
19,50.51925221803655,-0.011751061658839794,0.0
20,49.63280251890864,-0.010057723498448062,0.0
21,51.190018664369056,-0.01392630874244628,0.0
22,51.24071450324934,-0.021119428227215496,0.0
23,50.3746227019735,-0.025361303346520515,0.0
24,51.81034049254495,-0.01136176607000033,0.0
25,49.87128930680458,-0.023139060596088522,0.0
26,50.53838063047219,-0.022896715899750394,0.0
27,50.33378795522091,-0.02087957004842697,0.0
28,51.101377757335136,-0.007038806179763097,0.0
29,50.973928714164124,-0.011886544610399391,0.0
30,50.21859372090832,-0.009356832294881521,0.0
31,50.230661922234376,-0.0009733389268331913,0.0
32,49.49773298275736,0.0012962605442234177,0.0
33,48.851856071744784,0.002840349966336339,0.0
34,49.57050282331009,0.013652224357664576,0.0
35,49.72739125686237,0.018466309434865755,0.0
36,50.17262489706901,0.020799944821682397,0.0
37,50.071353783483715,0.021808760264538533,0.0
38,49.19447870035331,0.02137152109627991,0.0
39,49.16108246552836,0.011091426907682955,0.0
40,48.718921022158526,0.02813341896435248,0.0
41,48.471713920346104,0.020324557185383216,0.0
42,48.27528913227391,0.020132760299768817,0.0
43,50.059221760866436,0.02026275357221928,0.0
44,48.79357183523466,0.018865106372245193,0.0
45,48.80343273152931,0.010334359761381095,0.0
46,48.37991131634157,0.006635529078483186,0.0
47,49.38882192035186,-0.002500612878231441,0.0
48,48.196886467385184,-0.003321086868765827,0.0
49,48.91117724726868,-0.01160038888911034,0.0
50,48.593342444740024,-0.01448012487849687,0.0
51,49.2676365666019,-0.018465365763441828,0.0
52,48.861142775495416,-0.01733664883669951,0.0
53,48.57741646571489,-0.013210042492656095,0.0
54,49.213144398274686,-0.003763850734878931,0.0
55,49.50862560969482,-0.019052305943274502,0.0
56,49.40199197331926,-0.02632562002180694,0.0
57,49.600550406272255,-0.012061653864012232,0.0
58,49.21823677374576,-0.017960491281754296,0.0
59,49.4447527521762,-0.01717354466542741,0.0
60,49.3843542779131,-0.009682210970393422,0.0
61,49.638060914957634,-0.01336770864251768,0.0
62,49.51033745616027,-0.0021997676889231542,0.0
63,49.15367259931851,0.00023058332842699456,0.0
64,50.20526227597737,0.005122086036108158,0.0
65,50.01422951998368,0.010310422007578672,0.0
66,49.49644219003036,0.012178931580348523,0.0
67,50.63624104837949,0.014889208219613434,0.0
68,50.04046416894699,0.018604808892119656,0.0
69,50.60441246228627,0.02095091651973773,0.0
70,51.021531879807554,0.01465473481232112,0.0
71,50.79346049550458,0.01281057676089999,0.0
72,51.3633682061208,0.019004965270124477,0.0
73,50.23302371045174,0.010732145993139527,0.0
74,51.0998789164004,0.01620269870211468,0.0
75,50.59559493130458,0.017699491181553888,0.0
76,50.532521097440544,0.012763532136656191,0.0
77,50.69874340149479,0.0008215151007866794,0.0
78,50.84276707931092,-0.002146239213798748,0.0
79,51.02702401295465,-0.00019663052954985573,0.0
80,50.406783326231704,-0.007764555358968856,0.0
81,51.42030305432218,-0.011031716203229857,0.0
82,51.17356177654501,-0.009777601240719235,0.0
83,50.13404999061768,-0.02050347503797423,0.0
84,51.59872500498608,-0.019757514221186004,0.0
85,51.74643170063878,-0.023228362218014144,0.0
86,51.32378688345394,-0.025153648811008702,0.0
87,50.573006812176004,-0.024138578552768478,0.0
88,50.04954088213649,-0.015589579111630421,0.0
89,51.02824671992345,-0.01708494164229952,0.0
90,50.21053001175517,-0.019415548079608897,0.0
91,50.93032089754057,-0.013252164486090666,0.0
92,50.32702740313867,-0.01688534897704876,0.0
93,50.61277394174892,-0.008606037272650746,0.0
94,50.202958624040555,0.009757159856769086,0.0
95,50.278135463634165,0.0025463249449302937,0.0
96,49.83092322913743,0.010524593211549936,0.0
97,50.62117462054197,0.010133873427431574,0.0
98,49.69697691709988,0.015380118577571756,0.0
99,49.74345878794703,0.019589765198537976,0.0
100,50.39755423763876,0.0127358220269202,0.0
101,48.70104982053589,0.01936172906896973,0.0
102,48.664882813163594,0.027890183974935825,0.0
103,49.71701254431542,0.01570063114210587,0.0
104,48.58561182835727,0.01574370541288371,0.0
105,50.09211483285298,0.015194656383886111,0.0
106,48.87041508800732,0.015568344824000832,0.0
107,48.66963757800943,0.013770890388582582,0.0
108,49.9805347831737,0.013962068107192086,0.0
109,49.744821142410835,0.006297224683252053,0.0
110,49.933789273662576,-0.0004872918147997477,0.0
111,49.45846974093371,0.0021491072359188243,0.0
112,48.59020942832133,-0.004430558551720811,0.0
113,50.00101322664743,-0.018916910683476357,0.0
114,48.94666978885964,-0.0018380539191049077,0.0
115,49.52577602320977,-0.008074801142519746,0.0
116,49.65079738891817,-0.019545269417726174,0.0
117,49.16051136953555,-0.01784876065372061,0.0
118,49.613514600395916,-0.013363726092753358,0.0
119,49.84296622354623,-0.02029697287836168,0.0
120,49.65163984757738,-0.014459808288247382,0.0
121,49.0006521401733,-0.01054222216602167,0.0
122,49.790889804866204,-0.018452325946232636,0.0
123,50.39996115697771,-0.013169591075726753,0.0
124,49.48711189468601,-0.001925660533041538,0.0
125,49.858860832484964,-0.00034296261621130815,0.0
126,49.81604627136032,0.005963144252079304,0.0
127,51.057863905659616,0.004618930354420867,0.0
128,50.56765720360776,0.00756378583073662,0.0
129,50.53120535725825,0.002383503064483922,0.0
130,50.03520899960398,0.00952116687705484,0.0
131,50.77828606001828,0.017752952069510292,0.0
132,50.25490718437854,0.023208487987675143,0.0
133,50.68548504133378,0.022548787310235237,0.0
134,50.42245285076301,0.019265812228092673,0.0
135,51.142001074024876,0.017768660735636578,0.0
136,51.14745722316397,0.01867135939620585,0.0
137,50.80180536451946,0.015733382958171317,0.0
138,51.141699025774926,0.019510270283026387,0.0
139,50.42547674702973,0.009867123295275105,0.0
140,50.244978559342066,-0.001988114044829112,0.0
141,51.21900523938019,-0.004877481763474429,0.0
142,51.08136340040263,0.005087084162889248,0.0
143,51.30428768272067,-0.012254601544934364,0.0
144,52.15723016398125,-0.0062132987552438144,0.0
145,51.40713479901989,-0.014614541360306257,0.0
146,50.43838005941842,-0.016829221042704744,0.0
147,51.40425497519086,-0.018721756078045836,0.0
148,50.13029836211956,-0.013295189876847715,0.0
149,50.49208904710463,-0.02094384524165881,0.0
150,50.616167037494805,-0.019927228896083005,0.0
151,51.42786823048467,-0.026407852293003062,0.0
152,50.11402127782958,-0.01596592835904651,0.0
153,49.983521303801105,-0.011912002821741572,0.0
154,50.253892094532986,-0.0103585729856457,0.0
155,49.874728338756746,-0.001091271601027623,0.0
156,50.671071613352694,-0.0040091940320165255,0.0
157,49.46799742960422,0.001176370028593125,0.0
158,49.33435882356677,0.011903234630952655,0.0
159,49.5902313962536,-0.00025606567380149874,0.0
160,49.46308045798878,0.008749406885836968,0.0
161,50.582694609724484,0.02125418290370302,0.0
162,50.00228841706441,0.021335835447711008,0.0
163,49.485723349405816,0.021914900907812923,0.0
164,48.74917555823696,0.02381561124460521,0.0
165,49.710396145831645,0.021633568247750454,0.0
166,48.72154024777092,0.027704837385506532,0.0
167,48.39047267359145,0.020204987906469973,0.0
168,49.70644786259464,0.017554660620005227,0.0
169,49.22934729322805,0.014537216294723,0.0
170,49.49903192001085,0.011545973500152408,0.0
171,49.175298821389866,0.001213940975053904,0.0
172,49.43151523990975,0.006990737173284916,0.0
173,48.67471277227691,-0.001501559363255667,0.0
174,48.490219198637135,0.004307343530226402,0.0
175,49.365171253672656,-0.008941905742865134,0.0
176,48.649450669994955,-0.009879077563407022,0.0
177,48.74264266133371,-0.013692922581591655,0.0
178,48.905031568755746,-0.020400933349405386,0.0
179,49.19558246785104,-0.013971052783106726,0.0
180,49.07201579760158,-0.010310258866062226,0.0
181,48.63121058773549,-0.020022521447372182,0.0
182,49.07335797617727,-0.02076879841740233,0.0
183,48.36598983426106,-0.0195912265368141,0.0
184,49.8780501034417,-0.025117299737599706,0.0
185,48.85649055372701,-0.013759828385655053,0.0
186,49.200834668549156,-0.00831792779172668,0.0
187,49.87708351381629,-0.0006196424041037376,0.0
188,49.580682860925975,0.0028212455547438485,0.0
189,50.82192998551018,-6.81534723333101e-05,0.0
190,49.50344875480123,0.004543256600318265,0.0
191,50.38135964265755,0.015223622136837376,0.0
192,50.323673519706155,0.012030615173533057,0.0
193,49.85131861150229,0.013127426057187775,0.0
194,50.78470409542357,0.024794789708000243,0.0
195,50.51976670410848,0.024463836060934926,0.0
196,51.06785889567497,0.02004510733702739,0.0
197,51.16332549233401,0.01686211246538946,0.0
198,51.89529171214745,0.008860850056314616,0.0
199,51.53590807535986,0.020203730901587127,0.0
200,50.72835433175641,0.010420414596826076,0.0
201,50.82943496485993,0.0021415472924013364,0.0
202,51.525650315710536,0.016455637713636423,0.0
203,51.320398271197206,0.008007576390027284,0.0
204,51.31985866319147,-0.004881175818587671,0.0
205,50.18835177212338,-0.009244460290890474,0.0
206,50.97174363241915,-0.002677487283478229,0.0
207,50.59213726989927,-0.015001636637683544,0.0
208,51.06875753359886,-0.0072874632551139925,0.0
209,50.83808233387087,-0.013293449879406179,0.0
210,51.29174509258235,-0.01564744835547856,0.0
211,50.93640326939674,-0.017530861758728915,0.0
212,51.104325203960464,-0.019041422965056516,0.0
213,50.404213047782264,-0.015243175462187137,0.0
214,50.08509192555853,-0.020779974086004585,0.0
215,50.26661415649292,-0.016205734985400042,0.0
216,50.372740284724216,-0.010338479809898984,0.0
217,50.47662851910527,-0.008183930798276198,0.0
218,51.319641151140864,-0.013435989448115745,0.0
219,50.06989384036952,-0.006127831053915076,0.0
220,49.513176190463206,0.0016180560292040442,0.0
221,49.71837251672623,0.0022796717785649977,0.0
222,49.560865592070186,0.016986530335973513,0.0
223,49.93677612807568,0.00961751458711485,0.0
224,48.83204580965625,0.013780442509973713,0.0
225,49.54445648463965,0.020865221381568887,0.0
226,49.50632761387312,0.020418813182845667,0.0
227,49.46512821243389,0.019039708997408915,0.0
228,48.97784720947307,0.01619553417049668,0.0
229,49.09224084915658,0.02090103274522221,0.0
230,48.44174914133357,0.02323124915486815,0.0
231,48.858152690499224,0.01835451845494376,0.0
232,48.793359346797104,0.00935516345244414,0.0
233,49.24213686889465,0.018688915118455295,0.0
234,48.43499322596839,-0.0008677592281298423,0.0
235,49.3925170228756,-0.005441965754109465,0.0
236,49.74796628010906,0.0032820514011190705,0.0
237,47.97452196659608,-0.00432310260984816,0.0
238,49.241330919645186,-0.011914001821355519,0.0
239,49.39505253576057,-0.01800812702376623,0.0
240,48.77570312521726,-0.0037610940300718456,0.0
241,48.942657090225666,-0.01701690092659603,0.0
242,49.130303984512565,-0.016466861136180937,0.0
243,49.11132597522124,-0.0183209868433794,0.0
244,49.17658369509842,-0.017715152571434505,0.0
245,48.57064056696989,-0.01637458075256541,0.0
246,50.06826919200094,-0.013838331531014554,0.0
247,50.12044837994518,-0.01710427432957409,0.0
248,49.26668274429318,-0.01380698422682846,0.0
249,49.03614213017135,-0.01768219364382847,0.0
250,50.1281806881286,-0.009149019106586272,0.0
251,49.67937063576262,4.685058501943521e-05,0.0
252,50.13818465418587,0.007907361430426738,0.0
253,50.00681579496461,0.009561467508908988,0.0
254,50.609857896919564,0.008485057022819056,0.0
255,50.70643292585017,0.007088718956441723,0.0
256,50.0876419050436,0.002199454120181115,0.0
257,49.845640203308946,0.02388527803335733,0.0
258,49.827365823452496,0.01649817087354003,0.0
259,50.99935435780584,0.017744514910605913,0.0
260,50.16812882158759,0.02039042168035005,0.0
261,50.569924823588735,0.011663788930808845,0.0
262,50.57772406058564,0.015156540918770776,0.0
263,50.893393996527244,0.024562707203940132,0.0
264,49.98614519156944,0.01393628736563416,0.0
265,51.07374694150083,0.009714748786203965,0.0
266,51.25659028579494,-0.003800504781856769,0.0
267,51.04420478637935,0.01135951051291168,0.0
268,50.83990801906232,-0.01094858127111903,0.0
269,51.029463330879544,0.0019537829506923177,0.0
270,51.15589910122457,-0.021751061052971365,0.0
271,49.53613643870976,-0.00722135081357498,0.0
272,51.857229215776066,-0.008662273797939503,0.0
273,51.022374561939344,-0.022711086776187495,0.0
274,50.44091206144201,-0.017571548924473362,0.0
275,50.50376334406129,-0.017257700606649072,0.0
276,50.87124802409098,-0.023577586887625148,0.0
277,50.485223699715064,-0.025489966633464978,0.0
278,49.44140373825344,-0.022841383603285987,0.0
279,51.39789905096228,-0.010908226372343415,0.0
280,50.21563545969163,-0.010856598054335266,0.0
281,50.68353851110379,-0.009654425925767832,0.0
282,49.728240521692165,0.0018714255671997155,0.0
283,50.74252522726234,0.0035665334461713796,0.0
284,50.01783621834971,0.0011965775428129885,0.0
285,50.08066627705093,0.0027172875098695516,0.0
286,49.15743335504233,0.014741237480827297,0.0
287,50.19264509560081,0.012355262978699275,0.0
288,49.84311978124682,0.017857731060265943,0.0
289,50.0652857748082,0.026869572076872655,0.0
290,49.02232233596624,0.02236909416206464,0.0
291,49.02448682272083,0.015623839725115121,0.0
292,50.352936870182354,0.020021449928011234,0.0
293,48.614932307862155,0.012971721715787624,0.0
294,49.02947054145065,0.02358732341026806,0.0
295,49.6274142729584,0.009926866394766653,0.0
296,49.07875675015024,0.010453466689875826,0.0
297,49.301989756622106,0.007262698064532094,0.0
298,48.801293680421615,0.0025990105492978213,0.0
299,49.186532913259946,-0.01198313383275686,0.0
300,48.35870495003948,-0.013328317741960978,0.0
301,49.86136920767529,-0.012020750413303943,0.0
302,49.003226237135436,-0.01143556598697355,0.0
303,48.761592655444225,-0.016475773718499877,0.0
304,49.48322249513663,-0.02269739451285055,0.0
305,48.97651286684844,-0.026064476995776364,0.0
306,48.60450999646703,-0.021970520041150795,0.0
307,48.670324490923434,-0.022149638319038843,0.0
308,49.76917153189933,-0.016297948709806855,0.0
309,49.42687228597009,-0.018796622570707876,0.0
310,49.529111574842716,-0.011770075650837809,0.0
311,50.228174617893764,-0.014786070419538005,0.0
312,49.222334555325745,-0.009650877636439723,0.0
313,49.518994068630356,-0.00633585999450686,0.0
314,49.791634232809265,-0.004548788546873308,0.0
315,50.13115025035028,0.006472707288224789,0.0
316,50.16195000333529,0.0031297628660103185,0.0
317,50.13682457357407,0.008153212853358882,0.0
318,50.34388706260164,0.013530475853349797,0.0
319,50.411735838209374,0.009989836861090737,0.0
320,50.1916244869658,0.01677584597233332,0.0
321,50.22545871872985,0.016034203891626245,0.0
322,50.84342763604231,0.01805915884450088,0.0
323,50.32787034806846,0.01931214982215517,0.0
324,50.25408185571236,0.01444222157624572,0.0
325,50.72772429798298,0.015436194690700292,0.0
326,50.847316512598624,0.020515440244566176,0.0
327,52.087537581602184,0.010721603189266715,0.0
328,50.63026773943602,0.013022827322660708,0.0
329,51.46787229123961,0.005184020058950166,0.0
330,51.37350602720959,0.003339779968614745,0.0
331,50.39911852507853,-0.008364718639250684,0.0
332,51.363969001093565,-0.007750189924826825,0.0
333,50.359388418690116,-0.011057575888779293,0.0
334,49.58622348389245,-0.017775159863156267,0.0
335,51.174299762348866,-0.021224541200977852,0.0
336,49.93982096280758,-0.02627795729352109,0.0
337,50.98168888968902,-0.01231160460235883,0.0
338,50.345115697336134,-0.0248309330131127,0.0
339,51.440930544357535,-0.012618331211798131,0.0
340,51.063337385778034,-0.020296019482075094,0.0
341,50.21503090474353,-0.020164186287197093,0.0
342,50.00603256344232,-0.010000332216860058,0.0
343,49.647643631296965,-0.013007324701061865,0.0
344,49.93640727890211,-0.003354764637184828,0.0
345,49.91730973051267,-0.003959755099924793,0.0
346,49.775185193087204,0.00409931132708985,0.0
347,49.936352706662184,0.0007814820856091717,0.0
348,50.04914915091065,0.013480243413667535,0.0
349,49.83900236927945,0.015092729206131975,0.0
350,49.189745368550625,0.010879560180844473,0.0
351,48.764842043019286,0.0309003884881634,0.0
352,50.08308247483697,0.021889147824470143,0.0
353,48.97915757233726,0.031378704608966135,0.0
354,48.927556524387576,0.02787114345294822,0.0
355,48.930386577637535,0.018076919163998575,0.0
356,48.21480781622872,0.015352712041972982,0.0
357,48.85134632614623,0.01309550859768423,0.0
358,48.813585246711064,0.0030588956376495814,0.0
359,49.33613011130343,0.005339360835289242,0.0
360,49.357449721110555,0.006310297375140579,0.0
361,49.00228630199033,0.008761803153120853,0.0
362,49.46849241960351,-0.006721425852409649,0.0
363,49.18468410805943,-0.002322943070627516,0.0
364,49.02883871972496,-0.016603419929497466,0.0
365,49.14874719629441,-0.016467039263801816,0.0
366,49.01386910913244,-0.018479012780085298,0.0
367,48.96158446323117,-0.016341648578026224,0.0
368,49.083358718002366,-0.01719844529652595,0.0
369,48.71925731110434,-0.015180769147081054,0.0
370,49.49668271930115,-0.015848740407340266,0.0
371,48.93952897128494,-0.01741203801864321,0.0
372,49.94216971344841,-0.014858373508531223,0.0
373,49.48667056779219,-0.0063796943453798185,0.0
374,49.73007588932479,-0.013818141471783651,0.0
375,50.04911958850402,-0.0038819911128527987,0.0
376,50.22270757498117,-0.012979281881484936,0.0
377,49.21557645248899,0.0020921974727047825,0.0
378,49.99726525891052,0.0015919507332261078,0.0
379,50.639629161279174,0.007833932321758523,0.0
380,49.447315668993255,0.016522583963232123,0.0
381,50.583876473005475,0.015195069613414675,0.0
382,49.352422665737166,0.021274525770585716,0.0
383,50.05412185631923,0.026022449601652443,0.0
384,50.664212008864965,0.02166047164690762,0.0
385,49.88961704161067,0.025845608494717065,0.0
386,50.29112331895622,0.017836045361167063,0.0
387,50.10603302236051,0.01813008629422311,0.0
388,51.71567733914522,0.013535898241340376,0.0
389,51.01447442660986,0.018697933431886596,0.0
390,51.24744052521042,0.012350025888718679,0.0
391,50.874262748533056,0.004130106489623606,0.0
392,50.8208415445292,0.003560569147616576,0.0
393,50.19131018071838,0.004004895239433485,0.0
394,50.845631303840214,-0.0053415006548966,0.0
395,50.592899349789164,-0.013626917428398985,0.0
396,51.374974544773075,-0.01160567985720072,0.0
397,51.4794783978722,-0.025062075494245988,0.0
398,51.59605000147276,-0.013605051858063323,0.0
399,51.234249373397596,-0.021149567775505584,0.0
400,50.445786192017856,-0.02222432675986304,0.0
401,50.11685949991367,-0.015541673839457166,0.0
402,50.9810919577278,-0.02599419216649933,0.0
403,50.69288652565998,-0.007916927380500972,0.0
404,49.54230752850605,-0.017833927313850775,0.0
405,50.51189207322031,-0.015214014602413554,0.0
406,50.64564678299283,-0.004154446017878239,0.0
407,50.16970347841789,-0.002010713524521401,0.0
408,49.94816642184519,0.01062976657259986,0.0
409,49.53691499348842,0.0013102346452676936,0.0
410,49.118109981413596,0.0056625424553396544,0.0
411,50.14374930503699,0.0025165579719816167,0.0
412,49.49382796789733,0.011505983183956885,0.0
413,49.43994993837783,0.012287788202487776,0.0
414,50.33577141570936,0.015745878439457666,0.0
415,49.729690400454125,0.010646350439233931,0.0
416,49.49700187100288,0.028275790034228983,0.0
417,49.31364816774679,0.01269894723144553,0.0
418,49.941210108256044,0.004791518555692481,0.0
419,49.98778379656882,0.011131380705961003,0.0
420,49.54823100782413,0.01164460863748509,0.0
421,49.33923763735199,0.005921739985860387,0.0
422,47.9749815125569,0.01370150535601135,0.0
423,49.06807073637621,0.0037339628099861957,0.0
424,48.935012656644346,0.0005869203962139901,0.0
425,49.05089011157319,-0.00046955357744467817,0.0
426,49.489236470757625,-0.005932562950662857,0.0
427,47.67148945645323,-0.006017377636917505,0.0
428,48.78986535959358,-0.019570234622964536,0.0
429,49.25191398646496,-0.019314023436369,0.0
430,48.93480248434502,-0.015139333209733506,0.0
431,48.51934646746526,-0.03229836977480371,0.0
432,49.72957110603414,-0.02687553774651931,0.0
433,49.507858388142736,-0.017071350523017895,0.0
434,48.96450374521742,-0.020773807422662837,0.0
435,49.693593086274085,-0.011755818982067961,0.0
436,50.037740084936274,-0.009798984058272363,0.0
437,49.72408371693013,-0.016691926856896872,0.0
438,50.21899326584581,-0.005098120394309986,0.0
439,49.9569258031804,0.0027314467170456327,0.0
440,49.820087433778234,0.0014451380629280732,0.0
441,49.53772100462714,-0.0002225740880744823,0.0
442,50.173021882702415,0.012832515377286727,0.0
443,50.40953166520438,0.015047204286849683,0.0
444,50.84357825734901,0.017544428860594093,0.0
445,50.43733158330902,0.020781082583434026,0.0
446,50.80787183115476,0.0039125719261844105,0.0
447,50.175349916147006,0.024221661424488866,0.0
448,50.3382621594791,0.028998929861624,0.0
449,50.739013212664375,0.021487087096342245,0.0
450,50.32358929254161,0.01884357825450979,0.0
451,51.30922115880693,0.019225348671620783,0.0
452,51.16987263799285,0.014669874784144065,0.0
453,51.10769033060841,0.012955824132617632,0.0
454,51.15775612677961,0.00603585772048393,0.0
455,52.00911265315417,-0.0017137740376613657,0.0
456,50.76446799676162,-0.006895123562895631,0.0
457,49.888507986813735,-0.01078303794825761,0.0
458,51.06932322136015,-0.01634494944311769,0.0
459,50.91512719246617,-0.018128176937997627,0.0
460,50.64302882639361,-0.006782990755216779,0.0
461,50.364722431593115,-0.013997200534485877,0.0
462,50.57835735582156,-0.02236283197993453,0.0
463,50.82446321299928,-0.021892728477532982,0.0
464,50.410895702664966,-0.01928607196003703,0.0
465,51.79042342418516,-0.022243367972820734,0.0
466,50.019999825862016,-0.0169887414204551,0.0
467,50.01475041480073,-0.01110824196821121,0.0
468,49.17394649109522,-0.012247059608145521,0.0
469,50.34776621970384,-0.006979223640997517,0.0
470,49.115369808845344,-0.0004725820125550074,0.0
471,49.754160214815485,-0.002315887390025456,0.0
472,49.786127996661364,0.004456617435435967,0.0
473,49.469934747389395,0.005352766763958559,0.0
474,50.59682108858417,0.010348933206913734,0.0
475,50.129891846523556,0.01204158296930762,0.0
476,50.20124298365902,0.013649751997388587,0.0
477,49.01402446731473,0.019141933102118647,0.0
478,49.938533362957806,0.022356871238366167,0.0
479,49.54749168171701,0.02072807167580788,0.0
480,49.617448313014755,0.02216538970024656,0.0
481,49.68639502982374,0.014873050679968004,0.0
482,48.66550061265181,0.01069495163967855,0.0
483,48.864723891114686,0.016283443545481578,0.0
484,49.47440465614373,0.014556192949734849,0.0
485,47.69108201490944,0.007841441113549548,0.0
486,49.76114342480809,0.010505027216692445,0.0
487,49.27658015067435,0.004325943216890777,0.0
488,48.98268840166537,0.009221378071757418,0.0
489,49.13125678507746,-0.008987741803129426,0.0
490,48.531279705586044,-0.016461881420285297,0.0
491,48.90604963622529,-0.018195081083661066,0.0
492,49.675119590120744,-0.01977079997813528,0.0
493,49.826687446029624,-0.01633659150565201,0.0
494,50.586703909993254,-0.030534351023725835,0.0
495,49.27015271262609,-0.01339138159327289,0.0
496,49.053284801844036,-0.02062404365325622,0.0
497,49.20705978529649,-0.019330436962507545,0.0
498,49.04212508225462,-0.02144064436046882,0.0
499,49.603672694157474,-0.013922894843414205,0.0
500,49.9289913613022,-0.010061113983857508,0.0
501,49.81815064300689,-0.007108839192590966,0.0
502,50.48273775297219,-0.0009165208191222931,0.0
503,49.917402787916544,-0.0015685549471693937,0.0
504,49.96038690139638,0.0008369483137286833,0.0
505,49.94173952322532,0.01178215639605691,0.0
506,49.511996230734155,0.012897924806731602,0.0
507,49.637088963988546,0.01626003284753845,0.0
508,49.91984697179159,0.022829872611679482,0.0
509,51.2435030683407,0.013983468547289902,0.0
510,51.11785931228834,0.015620333540913807,0.0
511,51.428454643998215,0.026189667308608354,0.0
512,50.138206665068665,0.011702693005031167,0.0
513,49.87530360448374,0.01102145095976981,0.0
514,50.57630224790562,0.01940882162538083,0.0
515,51.031898589373135,0.013650773588957171,0.0
516,51.221560927759455,0.009629461657908386,0.0
517,51.514714487063074,0.004925612393224488,0.0
518,51.141481832484914,0.0016062161507646624,0.0
519,51.869304880515095,-0.003002515253007677,0.0
520,50.875324751566325,0.0003447654497214731,0.0
521,50.50888702810884,-0.012057240685185867,0.0
522,50.09397035064119,-0.014106100111035063,0.0
523,50.449908591582044,-0.007029522362916287,0.0
524,50.96633157145899,-0.01792881190885075,0.0
525,50.3433450983073,-0.008250623723123808,0.0
526,51.19063860452214,-0.020506105846525412,0.0
527,51.355776714704916,-0.012918046417453942,0.0
528,49.38567418102407,-0.027018181163100206,0.0
529,50.9176486318136,-0.016212415402434874,0.0
530,49.27612312085096,-0.02246521781737173,0.0
531,50.50302139311887,-0.007303013226750337,0.0
532,50.81803366249943,-0.014112581865741667,0.0
533,50.139298677348066,-0.002831494995576005,0.0
534,49.36723046539781,-0.0016939743803333776,0.0
535,49.61449318610381,-0.002095381034706796,0.0
536,49.677446940745185,-0.000569868436041919,0.0
537,49.62012385320729,0.008502950742337867,0.0
538,49.51565953829018,0.022851668205015885,0.0
539,49.47185401329977,0.015207406733338195,0.0
540,49.54795097560347,0.023122477818934978,0.0
541,48.75692290794074,0.019373707289293825,0.0
542,49.16658118470504,0.024381367847328087,0.0
543,49.98022120389211,0.01040474289138532,0.0
544,48.97005003128171,0.01628595383017382,0.0
545,48.890106115084734,0.021081879751692432,0.0
546,49.6096465933797,0.012900315149940104,0.0
547,47.758766165943086,0.010119214088054862,0.0
548,49.60646676135225,0.004813426920539774,0.0
549,48.687078569570396,0.00884917744335923,0.0
550,49.08220911286767,0.0006027182080733103,0.0
551,49.055609105887456,-0.0046165999498618375,0.0
552,49.495803336036765,-0.0053804719554479425,0.0
553,48.91763893316402,-0.009070968172924366,0.0
554,48.748768180228765,-0.013886621488372738,0.0
555,49.782163321064786,-0.009555871487257943,0.0
556,48.005273247050305,-0.019244600131934818,0.0
557,49.25976660505718,-0.018449686606603226,0.0
558,48.645373915078316,-0.02316082214302372,0.0
559,49.01508800788459,-0.018506264327143647,0.0
560,50.48407733864466,-0.009861104468609829,0.0
561,49.54393674579639,-0.018849645397391302,0.0
562,49.75588881061284,-0.01851151419258549,0.0
563,48.863105651475344,-0.004557912715338289,0.0
564,49.487356946171026,-0.006603304651503301,0.0
565,50.0496301454893,-0.0014636170930153302,0.0
566,50.22868854151731,0.0018241178543946255,0.0
567,50.45919855248181,0.0063569010354415445,0.0
568,50.253008508190845,0.013887895959671975,0.0
569,50.60765107258292,0.008729445000933707,0.0
570,50.66305571156567,0.010640737353098766,0.0
571,49.608952322580265,0.018273096459553852,0.0
572,50.62474930032442,0.011253151693559392,0.0
573,51.06656414049876,0.013088330775369719,0.0
574,51.04709890144174,0.02915977550880545,0.0
575,50.63226031652304,0.022696048330802427,0.0
576,50.465272083610735,0.017186940769021462,0.0
577,50.35415136935135,0.02106858056510496,0.0
578,50.883876854916,0.006723711819352449,0.0
579,51.54255420009631,0.006921374227462652,0.0
580,50.016970597343736,0.007850495914407634,0.0
581,50.66986471568828,0.005231725438831799,0.0
582,50.42685750848068,-0.0006429406070708583,0.0
583,51.376226368647934,-0.01977173685904635,0.0
584,50.68375238565997,-0.015482290492675774,0.0
585,50.69314689368799,-0.011408618356923455,0.0
586,50.778272539024904,-0.018175873589549276,0.0
587,51.05886546452683,-0.005643453917186826,0.0
588,50.5810411324514,-0.014928974621308856,0.0
589,49.18746501506278,-0.01720864494348598,0.0
590,50.908393952832895,-0.025223791149615288,0.0
591,50.77609887496182,-0.018672569428188027,0.0
592,50.36108513358478,-0.015409727688082174,0.0
593,49.838410955050875,-0.008434073718373871,0.0
594,50.46209181489743,-0.006563534967427037,0.0
595,50.37873238711869,-0.0022631360561620765,0.0
596,49.85512146902103,-0.008210399493829785,0.0
597,49.88189483689947,0.007450317126613643,0.0
598,49.425402295884126,-0.00254772754997449,0.0
599,49.70250025823227,0.005466123747803962,0.0
600,48.91997470635604,0.013766079358974493,0.0
601,49.8102889310046,0.013866350139892323,0.0
602,49.03986580281493,0.012006522077227869,0.0
603,49.54639758450493,0.0146706557866763,0.0
604,48.64538228418449,0.01203019610304355,0.0
605,48.98086358519778,0.02263617768950755,0.0
606,49.155411415113484,0.025687593275544783,0.0
607,48.3229567843758,0.017518417316665827,0.0
608,49.16199107921527,0.013935860665238374,0.0
609,48.87490218141042,0.005857827997629985,0.0
610,48.16270413108699,0.01454027269918877,0.0
611,48.36132024947852,0.017387962788780863,0.0
612,49.304423426108386,-0.006551074432135135,0.0
613,49.44853618550188,-0.006873320423060893,0.0
614,48.94368277532801,-0.008884442248682858,0.0
615,49.23079228250413,-0.01201965936220427,0.0
616,49.16881523176792,-0.011406234823616282,0.0
617,49.25961022369982,-0.00731656318250931,0.0
618,49.78474049054433,-0.01257620736689508,0.0
619,48.4437744076829,-0.016510168113336735,0.0
620,49.59904966953159,-0.0235333832580766,0.0
621,49.14074617130288,-0.025483567654855432,0.0
622,49.297229454327386,-0.02304822056473136,0.0
623,49.34174381900394,-0.009742892337465676,0.0
624,49.39387197715094,-0.015513824099969894,0.0
625,49.06110634869393,-0.014554990452086235,0.0
626,49.861888194814114,-0.009864097644520318,0.0
627,50.70400016202089,-0.0010901160649000024,0.0
628,49.940085804157476,-0.007837509587297311,0.0
629,50.06740167331696,0.00979181632022368,0.0
630,49.823706181724475,0.007382197798207135,0.0
631,50.20620776987508,0.009137353637394449,0.0
632,50.59297035559116,0.015645158899559364,0.0
633,50.26611214834625,0.017199319769623172,0.0
634,50.3111689996346,0.01642060960173099,0.0
635,50.82116471393358,0.018189047984640126,0.0
636,50.23580131924501,0.015643784241912984,0.0
637,50.889381029055215,0.023008684011578517,0.0
638,51.233997655674436,0.01601895200720473,0.0
639,51.55628356485825,0.012105150101388244,0.0
640,50.874835034558316,0.01525007182330232,0.0
641,51.638348806224954,0.018025862657214342,0.0
642,51.496741727757765,0.007644144240771773,0.0
643,50.49662985476781,0.0010366875447601663,0.0
644,50.391027234549036,0.002125455551891922,0.0
645,50.84278335243402,0.005814094471243391,0.0
646,51.49505723807296,-0.01495017530441048,0.0
647,50.9199725823478,-0.009294211681954599,0.0
648,50.62176070576856,-0.013247653472980852,0.0
649,51.654971259763535,-0.010964255638225614,0.0
650,50.97028092349178,-0.013647573135311009,0.0
651,49.606249152493334,-0.02062425112820052,0.0
652,50.857185137286606,-0.02841687211826488,0.0
653,50.883703436702504,-0.015467938192779423,0.0
654,50.65533412626251,-0.022405758029659387,0.0
655,50.68081174033748,-0.020965769797519955,0.0
656,50.33118801841674,-0.007845466685659112,0.0
657,49.6108528016858,-0.01495494375562198,0.0
658,49.98722539083559,0.000214702318231722,0.0
659,49.600571814346495,-0.0012480518297026124,0.0
660,49.50707839057884,0.0026572637433525765,0.0
661,49.24224909563064,0.006544617323008673,0.0
662,50.00162335655,0.0005631321152400164,0.0
663,49.728166763663175,0.003271219787247981,0.0
664,49.362181031146925,0.016144332510893516,0.0
665,49.17277368637432,0.020219351920416812,0.0
666,49.401931422396444,0.019412259716995676,0.0
667,49.87529934920194,0.015753983072847533,0.0
668,48.26229058381146,0.020026895745083304,0.0
669,49.38888304601596,0.018798106715687782,0.0
670,48.87162403401579,0.012932705837821915,0.0
671,48.15477040680173,0.020592195412846594,0.0
672,48.085816940718786,0.004055966148994108,0.0
673,48.57328736160446,0.012329468502361095,0.0
674,49.12013963854067,0.007611603014033529,0.0
675,49.19750998695541,0.006815932996138601,0.0
676,48.5320632853436,-0.007252257518591132,0.0
677,49.52061626077964,-0.005623002740515295,0.0
678,49.74401991936257,0.0010658312452225573,0.0
679,49.26066052832496,-0.009749280937093586,0.0
680,48.80637098540665,-0.015305758090812959,0.0
681,49.71270879159995,-0.015231627964336435,0.0
682,49.585111858402996,-0.018900610089813932,0.0
683,49.70595178468763,-0.009010378528571122,0.0
684,49.01612176659498,-0.014884125600792837,0.0
685,48.00573287857411,-0.019278363862317505,0.0
686,50.56582726112546,-0.01588511290513083,0.0
687,48.79133574695956,-0.01671365340073505,0.0
688,49.67226300247958,-0.005734884942797825,0.0
689,50.97698775211318,-0.01536933528794428,0.0
690,50.050503564353996,-0.012584737839322159,0.0
691,50.459585424625956,0.006692129277850871,0.0
692,49.33366115763419,0.0141477329048836,0.0
693,49.29507533193949,0.00957240188571052,0.0
694,50.014769224267454,0.011355038197191258,0.0
695,50.92089843411387,0.01720794107601872,0.0
696,50.29304968236353,0.013261578761582613,0.0
697,50.154849224372136,0.019270630681359206,0.0
698,50.73162693461333,0.019792398512481744,0.0
699,51.24776564098644,0.023132813630957556,0.0
700,60.0514205820212,0.011814800547889248,1.0
701,60.32797937443043,0.06589283891361963,1.0
702,60.68995086689979,0.12074154363520916,1.0
703,61.77380381582124,0.1605686859895726,1.0
704,61.47683739759775,0.20585392862939775,1.0
705,62.548859072277914,0.26747378805659994,1.0
706,62.064541325731234,0.30360713918363513,1.0
707,61.682352085462455,0.3465388733239242,1.0
708,62.426029137004605,0.3870111126787416,1.0
709,61.982902642535436,0.4453396760448883,1.0
710,61.598593977000654,0.4917397806252453,1.0
711,62.35543996874336,0.5337701280377947,1.0
712,61.722540213819244,0.5773600820364908,1.0
713,61.97205620251398,0.6310386627108938,1.0
714,62.8195315737184,0.6760233414712816,1.0
715,62.135834848100075,0.725322624838156,1.0
716,61.808881225818624,0.7801435175805868,1.0
717,61.996159968261395,0.8268001593598061,1.0
718,62.75182211439619,0.885403212492872,1.0
719,61.97284889746577,0.9399538800597287,1.0
720,62.060387939336714,0.9859814058861647,1.0
721,62.000845002395245,1.036995502883483,1.0
722,62.348563514605004,1.1055459967840493,1.0
723,62.063899746311336,1.1470312331017427,1.0
724,61.45620365363779,1.2023567835804574,1.0
725,61.815435851789374,1.260419989078052,1.0
726,61.79694417587466,1.3156772057673378,1.0
727,62.89267457122929,1.3642187042057565,1.0
728,62.689314359955475,1.4200062424867383,1.0
729,62.59373540802483,1.4671935885568046,1.0
730,62.07054888448049,1.5150735301383136,1.0
731,61.94521667858563,1.5769973102546788,1.0
732,62.13670070873944,1.6314522927069748,1.0
733,61.90995517925967,1.6758764189003463,1.0
734,63.738564996517816,1.7157985446339037,1.0
735,61.430466317620954,1.7713480572467442,1.0
736,62.907754591030404,1.8105651537517562,1.0
737,62.06583173690761,1.852655665100202,1.0
738,62.74820436069501,1.9034284421289156,1.0
739,62.408631267246676,1.9466353137705552,1.0
740,62.42603925829044,1.9883177411947859,1.0
741,62.566820345891024,2.0351375437624366,1.0
742,64.14609912208824,2.09044868673747,1.0
743,63.34310556343941,2.124555699637494,1.0
744,63.17663899145724,2.1848052816962,1.0
745,63.99567198203789,2.2223591090243677,1.0
746,63.88905726723978,2.269400697176079,1.0
747,64.41715880783198,2.321108973330691,1.0
748,63.324696143749975,2.3912189021640686,1.0
749,64.57393603122513,2.432227906460343,1.0
750,64.99856578314176,2.4861353873082437,1.0
751,63.975378090547196,2.545862139105854,1.0
752,65.22716952976197,2.5969480246435652,1.0
753,66.05002496601406,2.6391387481981994,1.0
754,65.39434746123348,2.704416084118432,1.0
755,66.01230366640266,2.7549639039518308,1.0
756,66.13569514743654,2.8061453708072857,1.0
757,65.64346386821988,2.86147287485404,1.0
758,66.2109371877733,2.920795594069358,1.0
759,65.5974862880451,2.9624378708605374,1.0
760,66.34045611834692,3.020670838870498,1.0
761,66.878419257426,3.0696726606161757,1.0
762,67.28014277515804,3.111003448129901,1.0
763,67.09673591025178,3.1654494205930392,1.0
764,67.60242126829863,3.219122333305594,1.0
765,66.84055857622168,3.272614722060974,1.0
766,67.48183263902058,3.318463439850101,1.0
767,67.67367151914388,3.363235140890067,1.0
768,68.71054571346878,3.402556395255353,1.0
769,67.79053573621562,3.461758110957112,1.0
770,67.75001183958364,3.499837795593077,1.0
771,68.10210998974048,3.539788689267205,1.0
772,67.71388579004318,3.590171405239398,1.0
773,68.34210125586284,3.642187961373745,1.0
774,68.12602917700542,3.6848556901517697,1.0
775,67.46664746613675,3.736968083777421,1.0
776,68.37815649059971,3.786464711673304,1.0
777,68.28574897405473,3.8321209900588675,1.0
778,67.65794062189875,3.8757945374486313,1.0
779,68.46348104087237,3.9315190637302573,1.0
780,69.25865643702477,3.9825901369033985,1.0
781,68.78642516509976,4.043886635904757,1.0
782,68.8392775363205,4.079298243046921,1.0
783,67.8667758634473,4.14009682108516,1.0
784,68.77781043343035,4.191559479974937,1.0
785,68.6140306108567,4.250084557243485,1.0
786,68.80437528393425,4.290213715767592,1.0
787,68.7518147925134,4.361872927057955,1.0
788,67.86285160226275,4.410012719878677,1.0
789,68.52685347983873,4.453969709804777,1.0
790,68.1769519010799,4.51411091625685,1.0
791,68.54361615680644,4.571050020039246,1.0
792,68.13803760474221,4.611418884516673,1.0
793,69.26718062651304,4.669990685624411,1.0
794,68.21255142883277,4.714489333697836,1.0
795,68.23123203445596,4.766010469474868,1.0
796,68.76484794926876,4.817188665507507,1.0
797,68.24457402918915,4.865556875844796,1.0
798,68.63552185683946,4.909286927434853,1.0
799,68.50711468646136,4.959541561642622,1.0
800,69.71169737802143,5.008478393203854,1.0
801,69.49295822723258,5.049029903412372,1.0
802,69.17525762909958,5.103601360725156,1.0
803,69.12227171557997,5.149915425499053,1.0
804,69.91203991826887,5.186916518066453,1.0
805,69.77746022518502,5.232762641506085,1.0
806,69.96640517261129,5.275082850893393,1.0
807,69.85562249441736,5.330884382169482,1.0
808,69.1842491308563,5.378550402696437,1.0
809,70.1394866155116,5.4338958926364,1.0
810,70.10386704612101,5.472882684953791,1.0
811,70.87332567401515,5.530254547029965,1.0
812,71.24289272981139,5.588427632261171,1.0
813,70.5987958945449,5.632528988817306,1.0
814,71.35648312263484,5.685516759530706,1.0
815,72.18752387438056,5.7356670948093225,1.0
816,71.18482453857595,5.809860877956494,1.0
817,72.55955080579938,5.847006103040759,1.0
818,71.49202030458595,5.898197555214548,1.0
819,72.12833425171695,5.954448511962093,1.0
820,72.30765597651217,6.00802718015803,1.0
821,72.51222296243384,6.063508236397606,1.0
822,72.27681787263592,6.121346346820438,1.0
823,72.58429628296042,6.167405683631125,1.0
824,72.72446458535535,6.215207621020987,1.0
825,73.39366515685539,6.2626992530980425,1.0
826,73.55976479127249,6.319403859797119,1.0
827,74.66434192309683,6.368076682054986,1.0
828,74.38498017839483,6.423375881342744,1.0
829,73.58369260866493,6.463413935753931,1.0
830,74.13079926899829,6.509170789718144,1.0
831,74.58699810526551,6.550741350098988,1.0
832,74.21393852390707,6.600554657860139,1.0
833,74.26403726247177,6.645898750622203,1.0
834,74.41488570356363,6.6923231051722265,1.0
835,74.90309398448284,6.735692719299359,1.0
836,74.11596636597994,6.789874888252014,1.0
837,74.43856941578014,6.833676220887338,1.0
838,74.88889171311705,6.881214271628251,1.0
839,74.85314002715613,6.922182389904831,1.0
840,74.8529817000015,6.982524754662142,1.0
841,74.57673777029794,7.032590607639086,1.0
842,75.26974340967857,7.076850017135458,1.0
843,75.86641690589141,7.137642053766037,1.0
844,75.01370712945554,7.178203475787129,1.0
845,74.72082605803274,7.237850653102503,1.0
846,75.1990280795956,7.290016698355983,1.0
847,74.55312540612961,7.338543535348821,1.0
848,74.44815444635763,7.4000287716721225,1.0
849,74.83948208213147,7.461580625878542,1.0
850,73.53252606356645,7.5072711602602755,1.0
851,74.24955515934387,7.558206697934502,1.0
852,74.65788779276191,7.6159262738547335,1.0
853,74.16419091725544,7.666843276344917,1.0
854,74.33816774284654,7.718426595660148,1.0
855,74.6551696351815,7.767404106295014,1.0
856,74.0773750104955,7.827107055590302,1.0
857,74.72814119500302,7.871947130672313,1.0
858,74.70354327108498,7.915906102615393,1.0
859,75.03216352968369,7.966154070510386,1.0
860,75.65363356824295,8.010468849282626,1.0
861,75.22910128029481,8.058045780090278,1.0
862,75.2292511374519,8.1043556471516,1.0
863,75.35412303415393,8.14805839326543,1.0
864,75.51371562006392,8.203638310129211,1.0
865,74.99726481234237,8.244328582025366,1.0
866,75.56379675341873,8.294754378278649,1.0
867,75.90089031764316,8.33515264491766,1.0
868,75.19599189634405,8.385179334123023,1.0
869,76.4582341683551,8.429482636668086,1.0
870,76.71887018059827,8.484869101367662,1.0
871,76.02347995773324,8.529008260519122,1.0
872,76.38708682714653,8.57636294160127,1.0
873,76.24416499837473,8.622372392675329,1.0
874,77.21461711899683,8.683297018739319,1.0
875,76.52132871467444,8.730435382834749,1.0
876,77.13219120329632,8.786595808278328,1.0
877,77.00902233702134,8.837444687577964,1.0
878,77.66162501044104,8.898305441824002,1.0
879,76.93833597350206,8.950144132807118,1.0
880,78.6986291239165,9.00365110515888,1.0
881,77.75268909597749,9.052269661413652,1.0
882,78.46318485646587,9.111403641293927,1.0
883,78.52289076719885,9.171006593536214,1.0
884,78.44072102742474,9.211136107768459,1.0
885,78.5662999396838,9.268413491451689,1.0
886,79.66170335448021,9.310860733990912,1.0
887,79.10806776424721,9.376892923858065,1.0
888,79.67715383947366,9.417910492716208,1.0
889,79.3040914810231,9.473019535101898,1.0
890,79.53647868988858,9.508935365462504,1.0
891,80.24282893374684,9.574284346484326,1.0
892,80.60948605942168,9.610647605595043,1.0
893,80.18476511114474,9.661799940396135,1.0
894,79.67988874513398,9.706103777145163,1.0
895,81.49835185698609,9.75013708941384,1.0
896,80.16963888631935,9.805851772696734,1.0
897,79.91568874169626,9.835293692375592,1.0
898,82.06240703004386,9.891396386000228,1.0
899,80.63224697710922,9.941227483149053,1.0
900,80.16313031946986,9.983827666677142,1.0
901,80.60307780062539,10.031327574408978,1.0
902,81.17093021324432,10.079867326018684,1.0
903,81.11680860505314,10.123879102360531,1.0
904,80.62307277215913,10.180441089075961,1.0
905,81.98109974768094,10.233834559615008,1.0
906,80.82405605220904,10.283381155220802,1.0
907,80.50276611971255,10.334120180734583,1.0
908,81.58177183519318,10.38605514262312,1.0
909,81.76926053995659,10.440587809385217,1.0
910,80.69724096294306,10.502073099769476,1.0
911,80.40551326811331,10.539319353254069,1.0
912,81.62154363361668,10.603930900824755,1.0
913,80.08373625328771,10.655921059347769,1.0
914,80.49708520494679,10.718366777363148,1.0
915,81.60001071159009,10.764451069292003,1.0
916,81.09833689157065,10.824119049688983,1.0
917,81.00850594007267,10.85793023122525,1.0
918,81.33693495910208,10.921963348202498,1.0
919,81.110580891841,10.971397456957146,1.0
920,80.57119056930264,11.026484357501182,1.0
921,81.89992559746815,11.060080797879124,1.0
922,81.97412308380505,11.115539148593138,1.0
923,81.47288691084137,11.16402101489323,1.0
924,81.46068225639046,11.208042316515082,1.0
925,82.68543310588494,11.2630153121706,1.0
926,81.46474532711181,11.301373768436259,1.0
927,81.57047638206829,11.359253469083013,1.0
928,81.98979764389179,11.40039971410352,1.0
929,82.66042630583433,11.446126359632721,1.0
930,82.8481032359388,11.49075601615585,1.0
931,82.05885899555373,11.529708389286839,1.0
932,82.48784933766333,11.580535663100093,1.0
933,81.79883633039996,11.63390922860368,1.0
934,82.4941988131556,11.683543241145161,1.0
935,82.3998423575243,11.736592498757563,1.0
936,82.49316682683028,11.778415579277915,1.0
937,84.01999535499783,11.827915547946127,1.0
938,82.97089155138156,11.888684345785823,1.0
939,83.29338585803632,11.93313557018328,1.0
940,83.93767240849078,11.99485608580011,1.0
941,84.60167032727873,12.050173183619751,1.0
942,84.3927961326977,12.100372488227157,1.0
943,85.73187421865114,12.150297125178682,1.0
944,84.51429923286264,12.206200605578514,1.0
945,84.87891293342011,12.262633688671375,1.0
946,85.08278307341081,12.313003084060192,1.0
947,85.8544884994607,12.376713073947824,1.0
948,85.57819835335908,12.412910903118343,1.0
949,85.44883768060458,12.464281388768214,1.0
950,85.20951741728268,12.515071508639936,1.0
951,85.97496570145756,12.566873757659371,1.0
952,86.71537747890444,12.608002444445026,1.0
953,85.96333499252485,12.66407092685988,1.0
954,86.57814050106748,12.711588358105272,1.0
955,86.57275631315665,12.7622907410951,1.0
956,87.00796706215442,12.810556220709884,1.0
957,86.29060123681379,12.84849762168285,1.0
958,87.97315098755341,12.9052431376742,1.0
959,86.25710633832932,12.9557686249633,1.0
960,86.80081220044133,12.991859807331489,1.0
961,87.52970718585657,13.047199913511895,1.0
962,87.27650206530578,13.087175285951306,1.0
963,87.60132949934825,13.143527225521385,1.0
964,86.98763021304259,13.18722768212736,1.0
965,87.2392739968101,13.222611345333359,1.0
966,87.3160272933516,13.280093768588142,1.0
967,88.12068272312263,13.33563933153771,1.0
968,87.70105381188458,13.381670192078799,1.0
969,87.76840797516732,13.433219634607497,1.0
970,87.05064469275912,13.492301097166202,1.0
971,87.86979196130486,13.535511262185604,1.0
972,87.50103324751285,13.592692492868395,1.0
973,88.08382599127921,13.64806224404102,1.0
974,88.3964025388068,13.698756122737196,1.0
975,87.2362148880946,13.754288447840494,1.0
976,87.18777462817309,13.81205324619525,1.0
977,86.96232111149695,13.863805318275174,1.0
978,87.32902528248428,13.910596447672248,1.0
979,87.22026226934545,13.961534668558231,1.0
980,87.60637032779508,14.014845090210116,1.0
981,87.37540689586172,14.069783034045372,1.0
982,87.29448050311102,14.119174845204224,1.0
983,88.04240371198458,14.165216187011838,1.0
984,87.08389433711119,14.215014193592246,1.0
985,87.82057633614187,14.258315920432432,1.0
986,87.46119171526362,14.315282031025111,1.0
987,88.09583762874986,14.359743360723835,1.0
988,88.50543036316515,14.399998795328557,1.0
989,87.75026045675475,14.452544041558502,1.0
990,88.22130961945022,14.505121538219266,1.0
991,88.19915692542044,14.540779688977539,1.0
992,87.82891076535122,14.597346086813436,1.0
993,88.47758288079228,14.635812096451597,1.0
994,88.63973679396122,14.685578660780909,1.0
995,88.84864006384963,14.73285277729076,1.0
996,88.69860412507279,14.787849234434002,1.0
997,89.00851392501701,14.830875164921556,1.0
998,88.55860617327026,14.874408895035453,1.0
999,89.13101880094267,14.92439157329012,1.0
